,frauds
0,"wash,trading,,fraudulent,practice,experts,say,accounts,transactions,crypto,exchanges"
1,"customers,report,problems,zelle,transactions,bank,america,accounts"
2,"ach,payments,work"
3,"tesla,chair,testifies,would,quit,musk,lied"
4,"innovation,banks,businesses,fight,fraud,chargebacks,regulation,fail"
5,"pp,scams,carried,ways,avoid,pp,scams"
6,"us,bank,secured,visa,credit,card,review"
7,"using,chatgpt,defraud,amazon,customers"
8,"bank,america,customized,cash,rewards,secured,credit,card,review"
9,"machine,learning,solving,fraud,detection,finance"
10,"bin,attack,credit,card,understanding,type,credit,card,fraud"
11,"google,pay,vs,samsung,pay,vs,meta,pay,vs,amazon,pay,vs,apple,pay"
12,"salami,attack,may,victim,even,know"
13,"ach,payment,everything,else,need,know"
14,"know,'standins',used,organized,crime,sell,homes,without,owner's,knowledge"
15,"eight,common,loan,scams,–,dont,fall"
16,"lawsuit,elon,musk,'funding,secured',tesla,tweet,goes,jury"
17,"amazon,fraud,detectorafd,launched,afdlists,optimize,fraud,prevention,strategies"
18,"spam,email,look,like,phishing,examples"
19,"amazon,fraud,detector,introduces,cold,start,model,training,customers,limited,historical,data"
20,"better,business,bureau,says,buyers,beware,buying,chiefs,tickets,private,seller,ky"
21,"adani,group,rd,richest,man,pulling,largest,con,corporate,history"
22,"worlds,rd,richest,man,pulling,largest,con,corporate,history"
23,"costco,thing,customer,using,moms,card,says,costco,declined,fraudulent,activity"
24,"six,ways,use,blockchain"
25,"mugged,–,possibly,drugged,–,yet,monzo,wont,refund,stolen"
26,"'my,husband,died,scammer,posing,paypal,stole,k'"
27,"transaction,monitoring,market,likely,rise,usd,billion,globally,size,,share,,trends,,demand,,growth,competitors,analysis"
28,"sportitude,cuts,fraud,costs"
29,"boost,mobile,cashback,profit,gb,day,sim,cashrewards"
30,"robinhoods,twitter,account,promotes,scam,token,binances,bnb,chain,unauthorized,posts"
31,"florida,man,sentenced,years,prison,covid,relief,fraud"
32,"musk,need,tesla,board,review,buyout,tweets,,directors,testify"
33,"go,sell,four,tips"
34,"bonds,bonus,cashback,minimum,spend,activation,req,cashback,uncapped,cashrewards"
35,"mr,roses,cashback,cheddar"
36,"dingo,crypto,token,flagged,scam,transaction,fee,backdoor"
37,"pizza,hut,cashback,capmember,,cash,cheddar"
38,"cashback,minimum,spend,cashrewards,online,stores,only,,excludes,gift,card,purchases"
39,"scammers,targeting,crypto,users,new,zero,value,transferfrom,trick"
40,"amazon,cashback,shoes,accessories,cap,per,member,cashrewards"
41,"spend,eligible,items,ebay"
42,"big,data,dead"
43,"ebay,buys,ai,fraud,detection,company,pm,shield"
44,"former,developer,ubiquiti,confessed,stealing,data,,trying,extort,networking,company"
45,"craig,wrights,blacklist,resembles,bitcoin,kill,switch,satoshi,never,followed"
46,"big,w,cashback,min,spend,cheddar"
47,"liquorland,cashback,cap,today,cheddar"
48,"art,institute,chicagos,former,payroll,manager,indicted,embezzling,million"
49,"someone's,phishing,personal,info,give,juicy,bait"
50,"global,secure,payment,authentication,market,report,featuring,mastercard,,broadcom,,american,express,,jcb,co"
51,"global,secure,payment,authentication,market,report,increase,online,sales,fuels,growth"
52,"elon,musk,impersonator,scams,social,media,people,actually,fell"
53,"elon,musk,need,tesla,board,review,buyout,tweets,,directors,testify"
54,"use,apple,pay"
55,"blockchain,banking,financial,services,global,market,report,rising,use,digital,banking,services,fuels,sector"
56,"bank,america,glitch,sent,customers,panic,missing,funds"
57,"fresno,business,couple,charged,defrauding,mentally,ill,business,journal"
58,"crea,launches,new,integration,iinked,sign,streamline,real,estate,transactions"
59,"five,gpt,use,cases,banks,fintechs"
60,"bonus,cashback,minimum,spend,cashrewards"
61,"bonus,cashback,spending,cashrewards,activation,required"
62,"cashrewards,cashback,minimum,spend"
63,"sign,code,make,eligible,card,purchases,days,get,bonus,deposit,ubank,new,customers"
64,"bonus,cashback,choice,gift,card,cashrewards,first,activations,only,,swap,amazon,,apple,,ebay,,uber,etc"
65,"bonus,cashback,amazon,gift,card,cashrewards,first,activations"
66,"bonus,cashback,choice,gift,card,cashrewards,first,activations,only,,swap,amazon,,apple,,ebay,,uber,etc"
67,"man,charged,veggie,burger,still,waiting,refund"
68,"xtcom,lists,toko,innovation,zone"
69,"westpac,bonus,cashback,spend,select,gcs,ebay,,ikea,,airbnb,,amart,shopback,via,app,activation,required"
70,"westpac,bonus,cashback,spend,select,gcs,kmart,,target,shopback,via,app,activation,required"
71,"elon,musk,impersonator,scams,social,media,people,actually,fell"
72,"bonus,cashback,online,spend,cashrewards,activation,required,,excludes,gift,card,page"
73,"bonus,cashback,paying,via,cashback,balance,shopback,gift,cards,via,app,activation,required"
74,"spot,nefarious,cryptocurrency,platform"
75,"amazon,australia,challenge,spend,amazon,australia,shopback"
76,"coles,challenge,spend,coles,online,shopback"
77,"mastercard,tackle,payment,fraud,ai"
78,"global,secure,payment,authentication,market,size,expected,reach,billion,rising,market,growth,cagr,forecast,period"
79,"need,wait,labours,procurement,card,spending,story"
80,"couple,whose,toronto,home,sold,without,knowledge,says,systems,failed,protect"
81,"implications,tokenizing,real,estate,blockchain"
82,"payment,security,global,market,report"
83,"tesla,chair,testifies,would,quit,musk,lied,tweets"
84,"cbn,crackdown,naira,sellers,,pos,operators,charging,n"
85,"signifyd,commercetools,partner,firstever,dynamic,exemption,management,offering"
86,"least,bc,homes,listed,sale,without,homeowners',knowledge,amid,surge,title,fraud,ontario"
87,"target,cashback,ampm,aedt,westpac,bonus,cashback,cap,,bonus,kmart,target,gc,shopback"
88,"bank,customers,lose,nbn,fraudsters,–,report"
89,"cryptocurrency,market,likely,reach,billion,globally,cagr"
90,"bizarre,bankruptcy,stops,brooklyn,condo,project,foreclosure"
91,"former,facedrive,ceo,embroiled,lawsuits,alleging,real,estate,fraud"
92,"tech,buzz,tech,trends,influencing,banking,fintech,–,tearsheet,tearsheet"
93,"westpac,bonus,cashback,min,spend,ultimate,gift,cards,shopback,via,app,activation,required"
94,"bad,news,south,koreas,bithumb,exchange,“kimchi,coin”,manipulation,allegations"
95,"westpac,bonus,cashback,spend,super,swap,gift,cards,shopback,via,app,activation,required"
96,"antimoney,laundering,software,market,worth,usd,billion,report,fortune,business,insights,yahoo,finance"
97,"cbn,clamp,naira,sellers,,pos,operators"
98,"crypto,long,short,regulating,crypto,,please,target,bad,actors,,asset"
99,"removing,phantoms,technology,'gentle',persuasion"
100,"wash,trading,,fraudulent,practice,experts,say,accounts,transactions,crypto,exchanges"
101,"customers,report,problems,zelle,transactions,bank,america,accounts"
102,"ach,payments,work"
103,"tesla,chair,testifies,would,quit,musk,lied"
104,"innovation,banks,businesses,fight,fraud,chargebacks,regulation,fail"
105,"pp,scams,carried,ways,avoid,pp,scams"
106,"us,bank,secured,visa,credit,card,review"
107,"using,chatgpt,defraud,amazon,customers"
108,"bank,america,customized,cash,rewards,secured,credit,card,review"
109,"machine,learning,solving,fraud,detection,finance"
110,"bin,attack,credit,card,understanding,type,credit,card,fraud"
111,"google,pay,vs,samsung,pay,vs,meta,pay,vs,amazon,pay,vs,apple,pay"
112,"salami,attack,may,victim,even,know"
113,"ach,payment,everything,else,need,know"
114,"know,'standins',used,organized,crime,sell,homes,without,owner's,knowledge"
115,"eight,common,loan,scams,–,dont,fall"
116,"lawsuit,elon,musk,'funding,secured',tesla,tweet,goes,jury"
117,"amazon,fraud,detectorafd,launched,afdlists,optimize,fraud,prevention,strategies"
118,"spam,email,look,like,phishing,examples"
119,"amazon,fraud,detector,introduces,cold,start,model,training,customers,limited,historical,data"
120,"better,business,bureau,says,buyers,beware,buying,chiefs,tickets,private,seller,ky"
121,"adani,group,rd,richest,man,pulling,largest,con,corporate,history"
122,"worlds,rd,richest,man,pulling,largest,con,corporate,history"
123,"costco,thing,customer,using,moms,card,says,costco,declined,fraudulent,activity"
124,"six,ways,use,blockchain"
125,"mugged,–,possibly,drugged,–,yet,monzo,wont,refund,stolen"
126,"'my,husband,died,scammer,posing,paypal,stole,k'"
127,"transaction,monitoring,market,likely,rise,usd,billion,globally,size,,share,,trends,,demand,,growth,competitors,analysis"
128,"sportitude,cuts,fraud,costs"
129,"boost,mobile,cashback,profit,gb,day,sim,cashrewards"
130,"robinhoods,twitter,account,promotes,scam,token,binances,bnb,chain,unauthorized,posts"
131,"florida,man,sentenced,years,prison,covid,relief,fraud"
132,"musk,need,tesla,board,review,buyout,tweets,,directors,testify"
133,"go,sell,four,tips"
134,"bonds,bonus,cashback,minimum,spend,activation,req,cashback,uncapped,cashrewards"
135,"mr,roses,cashback,cheddar"
136,"dingo,crypto,token,flagged,scam,transaction,fee,backdoor"
137,"pizza,hut,cashback,capmember,,cash,cheddar"
138,"cashback,minimum,spend,cashrewards,online,stores,only,,excludes,gift,card,purchases"
139,"scammers,targeting,crypto,users,new,zero,value,transferfrom,trick"
140,"amazon,cashback,shoes,accessories,cap,per,member,cashrewards"
141,"spend,eligible,items,ebay"
142,"big,data,dead"
143,"ebay,buys,ai,fraud,detection,company,pm,shield"
144,"former,developer,ubiquiti,confessed,stealing,data,,trying,extort,networking,company"
145,"craig,wrights,blacklist,resembles,bitcoin,kill,switch,satoshi,never,followed"
146,"big,w,cashback,min,spend,cheddar"
147,"liquorland,cashback,cap,today,cheddar"
148,"art,institute,chicagos,former,payroll,manager,indicted,embezzling,million"
149,"someone's,phishing,personal,info,give,juicy,bait"
150,"global,secure,payment,authentication,market,report,featuring,mastercard,,broadcom,,american,express,,jcb,co"
151,"global,secure,payment,authentication,market,report,increase,online,sales,fuels,growth"
152,"elon,musk,impersonator,scams,social,media,people,actually,fell"
153,"elon,musk,need,tesla,board,review,buyout,tweets,,directors,testify"
154,"use,apple,pay"
155,"blockchain,banking,financial,services,global,market,report,rising,use,digital,banking,services,fuels,sector"
156,"bank,america,glitch,sent,customers,panic,missing,funds"
157,"fresno,business,couple,charged,defrauding,mentally,ill,business,journal"
158,"crea,launches,new,integration,iinked,sign,streamline,real,estate,transactions"
159,"five,gpt,use,cases,banks,fintechs"
160,"bonus,cashback,minimum,spend,cashrewards"
161,"bonus,cashback,spending,cashrewards,activation,required"
162,"cashrewards,cashback,minimum,spend"
163,"sign,code,make,eligible,card,purchases,days,get,bonus,deposit,ubank,new,customers"
164,"bonus,cashback,choice,gift,card,cashrewards,first,activations,only,,swap,amazon,,apple,,ebay,,uber,etc"
165,"bonus,cashback,amazon,gift,card,cashrewards,first,activations"
166,"bonus,cashback,choice,gift,card,cashrewards,first,activations,only,,swap,amazon,,apple,,ebay,,uber,etc"
167,"man,charged,veggie,burger,still,waiting,refund"
168,"xtcom,lists,toko,innovation,zone"
169,"westpac,bonus,cashback,spend,select,gcs,ebay,,ikea,,airbnb,,amart,shopback,via,app,activation,required"
170,"westpac,bonus,cashback,spend,select,gcs,kmart,,target,shopback,via,app,activation,required"
171,"elon,musk,impersonator,scams,social,media,people,actually,fell"
172,"bonus,cashback,online,spend,cashrewards,activation,required,,excludes,gift,card,page"
173,"bonus,cashback,paying,via,cashback,balance,shopback,gift,cards,via,app,activation,required"
174,"spot,nefarious,cryptocurrency,platform"
175,"amazon,australia,challenge,spend,amazon,australia,shopback"
176,"coles,challenge,spend,coles,online,shopback"
177,"mastercard,tackle,payment,fraud,ai"
178,"global,secure,payment,authentication,market,size,expected,reach,billion,rising,market,growth,cagr,forecast,period"
179,"need,wait,labours,procurement,card,spending,story"
180,"couple,whose,toronto,home,sold,without,knowledge,says,systems,failed,protect"
181,"implications,tokenizing,real,estate,blockchain"
182,"payment,security,global,market,report"
183,"tesla,chair,testifies,would,quit,musk,lied,tweets"
184,"cbn,crackdown,naira,sellers,,pos,operators,charging,n"
185,"signifyd,commercetools,partner,firstever,dynamic,exemption,management,offering"
186,"least,bc,homes,listed,sale,without,homeowners',knowledge,amid,surge,title,fraud,ontario"
187,"target,cashback,ampm,aedt,westpac,bonus,cashback,cap,,bonus,kmart,target,gc,shopback"
188,"bank,customers,lose,nbn,fraudsters,–,report"
189,"cryptocurrency,market,likely,reach,billion,globally,cagr"
190,"bizarre,bankruptcy,stops,brooklyn,condo,project,foreclosure"
191,"former,facedrive,ceo,embroiled,lawsuits,alleging,real,estate,fraud"
192,"tech,buzz,tech,trends,influencing,banking,fintech,–,tearsheet,tearsheet"
193,"westpac,bonus,cashback,min,spend,ultimate,gift,cards,shopback,via,app,activation,required"
194,"bad,news,south,koreas,bithumb,exchange,“kimchi,coin”,manipulation,allegations"
195,"westpac,bonus,cashback,spend,super,swap,gift,cards,shopback,via,app,activation,required"
196,"antimoney,laundering,software,market,worth,usd,billion,report,fortune,business,insights,yahoo,finance"
197,"cbn,clamp,naira,sellers,,pos,operators"
198,"crypto,long,short,regulating,crypto,,please,target,bad,actors,,asset"
199,"removing,phantoms,technology,'gentle',persuasion"
200,"wash,trading,,fraudulent,practice,experts,say,accounts,transactions,crypto,exchanges"
201,"customers,report,problems,zelle,transactions,bank,america,accounts"
202,"ach,payments,work"
203,"tesla,chair,testifies,would,quit,musk,lied"
204,"innovation,banks,businesses,fight,fraud,chargebacks,regulation,fail"
205,"pp,scams,carried,ways,avoid,pp,scams"
206,"us,bank,secured,visa,credit,card,review"
207,"using,chatgpt,defraud,amazon,customers"
208,"bank,america,customized,cash,rewards,secured,credit,card,review"
209,"machine,learning,solving,fraud,detection,finance"
210,"bin,attack,credit,card,understanding,type,credit,card,fraud"
211,"google,pay,vs,samsung,pay,vs,meta,pay,vs,amazon,pay,vs,apple,pay"
212,"salami,attack,may,victim,even,know"
213,"ach,payment,everything,else,need,know"
214,"know,'standins',used,organized,crime,sell,homes,without,owner's,knowledge"
215,"eight,common,loan,scams,–,dont,fall"
216,"lawsuit,elon,musk,'funding,secured',tesla,tweet,goes,jury"
217,"amazon,fraud,detectorafd,launched,afdlists,optimize,fraud,prevention,strategies"
218,"spam,email,look,like,phishing,examples"
219,"amazon,fraud,detector,introduces,cold,start,model,training,customers,limited,historical,data"
220,"better,business,bureau,says,buyers,beware,buying,chiefs,tickets,private,seller,ky"
221,"adani,group,rd,richest,man,pulling,largest,con,corporate,history"
222,"worlds,rd,richest,man,pulling,largest,con,corporate,history"
223,"costco,thing,customer,using,moms,card,says,costco,declined,fraudulent,activity"
224,"six,ways,use,blockchain"
225,"mugged,–,possibly,drugged,–,yet,monzo,wont,refund,stolen"
226,"'my,husband,died,scammer,posing,paypal,stole,k'"
227,"transaction,monitoring,market,likely,rise,usd,billion,globally,size,,share,,trends,,demand,,growth,competitors,analysis"
228,"sportitude,cuts,fraud,costs"
229,"boost,mobile,cashback,profit,gb,day,sim,cashrewards"
230,"robinhoods,twitter,account,promotes,scam,token,binances,bnb,chain,unauthorized,posts"
231,"florida,man,sentenced,years,prison,covid,relief,fraud"
232,"musk,need,tesla,board,review,buyout,tweets,,directors,testify"
233,"go,sell,four,tips"
234,"bonds,bonus,cashback,minimum,spend,activation,req,cashback,uncapped,cashrewards"
235,"mr,roses,cashback,cheddar"
236,"dingo,crypto,token,flagged,scam,transaction,fee,backdoor"
237,"pizza,hut,cashback,capmember,,cash,cheddar"
238,"cashback,minimum,spend,cashrewards,online,stores,only,,excludes,gift,card,purchases"
239,"scammers,targeting,crypto,users,new,zero,value,transferfrom,trick"
240,"amazon,cashback,shoes,accessories,cap,per,member,cashrewards"
241,"spend,eligible,items,ebay"
242,"big,data,dead"
243,"ebay,buys,ai,fraud,detection,company,pm,shield"
244,"former,developer,ubiquiti,confessed,stealing,data,,trying,extort,networking,company"
245,"craig,wrights,blacklist,resembles,bitcoin,kill,switch,satoshi,never,followed"
246,"big,w,cashback,min,spend,cheddar"
247,"liquorland,cashback,cap,today,cheddar"
248,"art,institute,chicagos,former,payroll,manager,indicted,embezzling,million"
249,"someone's,phishing,personal,info,give,juicy,bait"
250,"global,secure,payment,authentication,market,report,featuring,mastercard,,broadcom,,american,express,,jcb,co"
251,"global,secure,payment,authentication,market,report,increase,online,sales,fuels,growth"
252,"elon,musk,impersonator,scams,social,media,people,actually,fell"
253,"elon,musk,need,tesla,board,review,buyout,tweets,,directors,testify"
254,"use,apple,pay"
255,"blockchain,banking,financial,services,global,market,report,rising,use,digital,banking,services,fuels,sector"
256,"bank,america,glitch,sent,customers,panic,missing,funds"
257,"fresno,business,couple,charged,defrauding,mentally,ill,business,journal"
258,"crea,launches,new,integration,iinked,sign,streamline,real,estate,transactions"
259,"five,gpt,use,cases,banks,fintechs"
260,"bonus,cashback,minimum,spend,cashrewards"
261,"bonus,cashback,spending,cashrewards,activation,required"
262,"cashrewards,cashback,minimum,spend"
263,"sign,code,make,eligible,card,purchases,days,get,bonus,deposit,ubank,new,customers"
264,"bonus,cashback,choice,gift,card,cashrewards,first,activations,only,,swap,amazon,,apple,,ebay,,uber,etc"
265,"bonus,cashback,amazon,gift,card,cashrewards,first,activations"
266,"bonus,cashback,choice,gift,card,cashrewards,first,activations,only,,swap,amazon,,apple,,ebay,,uber,etc"
267,"man,charged,veggie,burger,still,waiting,refund"
268,"xtcom,lists,toko,innovation,zone"
269,"westpac,bonus,cashback,spend,select,gcs,ebay,,ikea,,airbnb,,amart,shopback,via,app,activation,required"
270,"westpac,bonus,cashback,spend,select,gcs,kmart,,target,shopback,via,app,activation,required"
271,"elon,musk,impersonator,scams,social,media,people,actually,fell"
272,"bonus,cashback,online,spend,cashrewards,activation,required,,excludes,gift,card,page"
273,"bonus,cashback,paying,via,cashback,balance,shopback,gift,cards,via,app,activation,required"
274,"spot,nefarious,cryptocurrency,platform"
275,"amazon,australia,challenge,spend,amazon,australia,shopback"
276,"coles,challenge,spend,coles,online,shopback"
277,"mastercard,tackle,payment,fraud,ai"
278,"global,secure,payment,authentication,market,size,expected,reach,billion,rising,market,growth,cagr,forecast,period"
279,"need,wait,labours,procurement,card,spending,story"
280,"couple,whose,toronto,home,sold,without,knowledge,says,systems,failed,protect"
281,"implications,tokenizing,real,estate,blockchain"
282,"payment,security,global,market,report"
283,"tesla,chair,testifies,would,quit,musk,lied,tweets"
284,"cbn,crackdown,naira,sellers,,pos,operators,charging,n"
285,"signifyd,commercetools,partner,firstever,dynamic,exemption,management,offering"
286,"least,bc,homes,listed,sale,without,homeowners',knowledge,amid,surge,title,fraud,ontario"
287,"target,cashback,ampm,aedt,westpac,bonus,cashback,cap,,bonus,kmart,target,gc,shopback"
288,"bank,customers,lose,nbn,fraudsters,–,report"
289,"cryptocurrency,market,likely,reach,billion,globally,cagr"
290,"bizarre,bankruptcy,stops,brooklyn,condo,project,foreclosure"
291,"former,facedrive,ceo,embroiled,lawsuits,alleging,real,estate,fraud"
292,"tech,buzz,tech,trends,influencing,banking,fintech,–,tearsheet,tearsheet"
293,"westpac,bonus,cashback,min,spend,ultimate,gift,cards,shopback,via,app,activation,required"
294,"bad,news,south,koreas,bithumb,exchange,“kimchi,coin”,manipulation,allegations"
295,"westpac,bonus,cashback,spend,super,swap,gift,cards,shopback,via,app,activation,required"
296,"antimoney,laundering,software,market,worth,usd,billion,report,fortune,business,insights,yahoo,finance"
297,"cbn,clamp,naira,sellers,,pos,operators"
298,"crypto,long,short,regulating,crypto,,please,target,bad,actors,,asset"
299,"removing,phantoms,technology,'gentle',persuasion"
